,Feature
0,14 november
1,15 minutes live
2,30 min
3,30 min ago
4,30 minutes operator
5,4000k
6,877 number
7,877 number ts
8,able watch basketball
9,access disabled
10,access disabled need
11,access online pay
12,account
13,account access disabled
14,account deactivated
15,account disabled
16,account holder help
17,adapter office
18,adapter office having
19,adapters phone
20,adapters phone monday
21,add new device
22,add pops
23,add pops rid
24,added carter
25,added carter process
26,additional access
27,aggrement
28,aggrement pay
29,aggrement pay pass
30,ago internet
31,ago internet cable
32,allow additional
33,allow additional access
34,anew smart
35,anew smart tv
36,antivirus
37,apartments
38,app
39,appointment
40,area
41,arrangements
42,arrangements account
43,arrangements account internet
44,bad cancel
45,bad cancel credit
46,basketball game espn
47,billed
48,billed place
49,block
50,blocking
51,bought anew
52,bought anew smart
53,box
54,box reset picture
55,box restored
56,box restored dvr
57,boys
58,boys movie
59,boys movie yesterday
60,brother
61,buffer
62,cable
63,cable box
64,cable box restored
65,caller
66,caller id
67,calls
68,calls house
69,calls house phone
70,came sports
71,came sports package
72,cancel
73,cancel credit
74,cancel credit ts
75,cancellation
76,cancelled received
77,cancelled received statement
78,carter
79,carter left
80,carter left came
81,carter process
82,carter process removing
83,cell phone calls
84,change wifi password
85,channel
86,channels
87,charged
88,chat 30
89,chat 30 minutes
90,chat internet
91,chat internet work
92,check status request
93,choose jersery
94,choose jersery boys
95,clicked link
96,clicked link right
97,communication paid
98,communication paid account
99,compromised make
100,compromised make purchases
101,comptuer compromised
102,comptuer compromised make
103,computer fully
104,computer fully protected
105,connect internet dont
106,connect sub
107,connect sub user
108,credit
109,credit billed
110,credit billed place
111,credit ts
112,dca
113,deactivated
114,degree
115,degree wife
116,degree wife primary
117,delivered mail
118,delivered mail havent
119,demand
120,demand working
121,details
122,details receive
123,details receive communication
124,device allow
125,device allow additional
126,dial
127,dial tone
128,digital adapter office
129,digital adapters
130,digital adapters phone
131,disabled
132,disconnect
133,disconnect phone
134,disconnect phone service
135,discussing
136,discussing getting
137,discussing getting credit
138,dta needs
139,dta needs activated
140,dvr
141,dvr box reset
142,email
143,espn having
144,espn having degree
145,free digital
146,free digital adapters
147,friday 14
148,friday 14 november
149,fully protected
150,game espn
151,game espn having
152,getting credit
153,getting credit billed
154,getting dta
155,getting dta needs
156,got messahe
157,got messahe twc
158,havent received check
159,having degree
160,having degree wife
161,having mailed
162,help brother
163,holder help
164,holder help brother
165,house phone
166,id
167,install dca
168,internet
169,internet cable box
170,internet dont
171,internet dont know
172,internet work
173,internet work tv
174,jersery
175,jersery boys
176,jersery boys movie
177,just paid 30
178,just want payment
179,know order
180,know order status
181,left came
182,left came sports
183,life chat
184,life chat 30
185,like know order
186,link right
187,link right got
188,live chat internet
189,locked
190,look recent
191,look recent story
192,mail havent
193,mail havent received
194,make purchases
195,make purchases remove
196,mcafee
197,message computer
198,message computer fully
199,messahe
200,messahe twc
201,messahe twc screen
202,min ago
203,min ago internet
204,minutes live
205,minutes live chat
206,minutes operator
207,minutes operator carter
208,modem
209,monday delivered
210,monday delivered mail
211,movie
212,movie yesterday watch
213,movies
214,movies rent
215,movies rent smart
216,moving
217,multiple tvs
218,need order
219,need order record
220,new device allow
221,notifications
222,notifications cell
223,notifications cell phone
224,number ts real
225,office having
226,office having mailed
227,operator
228,operator carter
229,operator carter left
230,order number
231,order record
232,order record phone
233,order status
234,ordered digital
235,ordered digital adapters
236,ordered new
237,package added
238,package added carter
239,paid 30
240,paid 30 min
241,paid account
242,paid account deactivated
243,paid cable
244,paid cable box
245,paid past sevices
246,paper
247,pass friday
248,pass friday 14
249,password
250,password add
251,password add new
252,password wifi
253,past sevices
254,past sevices restored
255,pausing
256,pausing buffer
257,pay pass
258,pay pass friday
259,payed
260,payed service
261,payment
262,payment aggrement
263,payment aggrement pay
264,payment arrangements
265,payment arrangements account
266,payment details
267,payment details receive
268,period
269,period time
270,phone
271,phone calls house
272,phone monday
273,phone monday delivered
274,phone service
275,phone story
276,phone story specific
277,phone working
278,pick digital
279,pick digital adapter
280,picture screen
281,picture screen says
282,pops rid
283,pops rid watch
284,process removing
285,process removing discussing
286,protected
287,purchases
288,purchases remove
289,purchases remove threat
290,receive communication
291,receive communication paid
292,received check
293,received check status
294,received statement
295,receiving notifications
296,receiving notifications cell
297,recent
298,recent story
299,record phone
300,record phone story
301,remote
302,remove
303,remove phone
304,remove phone service
305,remove threat
306,remove threat 877
307,removing
308,removing discussing
309,removing discussing getting
310,rent smart
311,rent smart tv
312,reset payment
313,reset payment details
314,reset picture screen
315,restored dvr
316,restored dvr box
317,return
318,rid
319,rid watch
320,rid watch videos
321,right got
322,right got messahe
323,says s0900
324,screen bad
325,screen bad cancel
326,screen says
327,screen says s0900
328,screen voice
329,screen voice comptuer
330,services cancelled
331,services cancelled received
332,set tv internet
333,sevices
334,sevices restored
335,skipping pausing
336,skipping pausing buffer
337,slow
338,smart tv skipping
339,smart tv want
340,sound screen
341,sound screen bad
342,specific period
343,specific period time
344,speed
345,spent
346,spent 15
347,spent 15 minutes
348,sports package
349,sports package added
350,square
351,square add
352,square add pops
353,statement
354,status request
355,stop receiving
356,stop receiving notifications
357,story
358,story specific
359,story specific period
360,sub
361,sub user
362,sub user tablet
363,suddenly getting
364,suddenly getting dta
365,support 4000k
366,tablet
367,threat
368,threat 877
369,threat 877 number
370,time warner support
371,tone
372,trying install dca
373,ts real
374,tv
375,tv skipping
376,tv skipping pausing
377,tv want connect
378,tvs
379,twc id
380,twc multiple
381,twc multiple tvs
382,twc screen
383,twc screen voice
384,unable story
385,user tablet
386,videos square
387,videos square add
388,voice
389,voice comptuer
390,voice comptuer compromised
391,voice mail
392,voicemail
393,want able watch
394,want connect internet
395,want payment
396,want payment aggrement
397,want watch
398,want watch tv
399,warner support
400,warner support 4000k
401,watch basketball
402,watch basketball game
403,watch sound
404,watch sound screen
405,watch tv
406,watch twc
407,watch twc multiple
408,watch videos
409,wife primary
410,wife primary account
411,wifi
412,wifi password
413,wifi password add
414,work tv working
415,yesterday watch
416,yesterday watch sound
